Tag Name,Address,Data Type,Respect Data Type,Client Access,Scan Rate,Scaling,Raw Low,Raw High,Scaled Low,Scaled High,Scaled Data Type,Clamp Low,Clamp High,Eng Units,Description,Negate Value
"V-c0","C0",Boolean,1,R/W,10,,,,,,,,,,"",
"V-c1","C1",Boolean,1,R/W,10,,,,,,,,,,"",
"V-c10","C10",Boolean,1,R/W,10,,,,,,,,,,"",
"V-c100","C100",Boolean,1,R/W,10,,,,,,,,,,"",
"V-c1000","C1000",Boolean,1,R/W,10,,,,,,,,,,"",
"V-c1001","C1001",Boolean,1,R/W,10,,,,,,,,,,"",
"V-c1002","C1002",Boolean,1,R/W,10,,,,,,,,,,"",
"V-c1003","C1003",Boolean,1,R/W,10,,,,,,,,,,"",
"V-c1004","C1004",Boolean,1,R/W,10,,,,,,,,,,"",
"V-c1005","C1005",Boolean,1,R/W,10,,,,,,,,,,"",
"V-c1006","C1006",Boolean,1,R/W,10,,,,,,,,,,"",
"V-c1007","C1007",Boolean,1,R/W,10,,,,,,,,,,"",
"V-c101","C101",Boolean,1,R/W,10,,,,,,,,,,"",
"V-c1010","C1010",Boolean,1,R/W,10,,,,,,,,,,"",
"V-c1011","C1011",Boolean,1,R/W,10,,,,,,,,,,"",
"V-c1012","C1012",Boolean,1,R/W,10,,,,,,,,,,"",
"V-c1013","C1013",Boolean,1,R/W,10,,,,,,,,,,"",
"V-c1014","C1014",Boolean,1,R/W,10,,,,,,,,,,"",
"V-c1015","C1015",Boolean,1,R/W,10,,,,,,,,,,"",
"V-c1016","C1016",Boolean,1,R/W,10,,,,,,,,,,"",
"V-c1017","C1017",Boolean,1,R/W,10,,,,,,,,,,"",
"V-c102","C102",Boolean,1,R/W,10,,,,,,,,,,"",
"V-c1020","C1020",Boolean,1,R/W,10,,,,,,,,,,"",
"V-c1021","C1021",Boolean,1,R/W,10,,,,,,,,,,"",
"V-c1022","C1022",Boolean,1,R/W,10,,,,,,,,,,"",
"V-c1023","C1023",Boolean,1,R/W,10,,,,,,,,,,"",
"V-c1024","C1024",Boolean,1,R/W,10,,,,,,,,,,"",
"V-c1025","C1025",Boolean,1,R/W,10,,,,,,,,,,"",
"V-c1026","C1026",Boolean,1,R/W,10,,,,,,,,,,"",
"V-c1027","C1027",Boolean,1,R/W,10,,,,,,,,,,"",
"V-c103","C103",Boolean,1,R/W,10,,,,,,,,,,"",
"V-c1030","C1030",Boolean,1,R/W,10,,,,,,,,,,"",
"V-c1031","C1031",Boolean,1,R/W,10,,,,,,,,,,"",
"V-c1032","C1032",Boolean,1,R/W,10,,,,,,,,,,"",
"V-c1033","C1033",Boolean,1,R/W,10,,,,,,,,,,"",
"V-c1034","C1034",Boolean,1,R/W,10,,,,,,,,,,"",
"V-c1035","C1035",Boolean,1,R/W,10,,,,,,,,,,"",
"V-c1036","C1036",Boolean,1,R/W,10,,,,,,,,,,"",
"V-c1037","C1037",Boolean,1,R/W,10,,,,,,,,,,"",
"V-c104","C104",Boolean,1,R/W,10,,,,,,,,,,"",
"V-c1040","C1040",Boolean,1,R/W,10,,,,,,,,,,"",
"V-c1041","C1041",Boolean,1,R/W,10,,,,,,,,,,"",
"V-c1042","C1042",Boolean,1,R/W,10,,,,,,,,,,"",
"V-c1043","C1043",Boolean,1,R/W,10,,,,,,,,,,"",
"V-c1044","C1044",Boolean,1,R/W,10,,,,,,,,,,"",
"V-c1045","C1045",Boolean,1,R/W,10,,,,,,,,,,"",
"V-c1046","C1046",Boolean,1,R/W,10,,,,,,,,,,"",
"V-c1047","C1047",Boolean,1,R/W,10,,,,,,,,,,"",
"V-c105","C105",Boolean,1,R/W,10,,,,,,,,,,"",
"V-c1050","C1050",Boolean,1,R/W,10,,,,,,,,,,"",
"V-c1051","C1051",Boolean,1,R/W,10,,,,,,,,,,"",
"V-c1052","C1052",Boolean,1,R/W,10,,,,,,,,,,"",
"V-c1053","C1053",Boolean,1,R/W,10,,,,,,,,,,"",
"V-c1054","C1054",Boolean,1,R/W,10,,,,,,,,,,"",
"V-c1055","C1055",Boolean,1,R/W,10,,,,,,,,,,"",
"V-c1056","C1056",Boolean,1,R/W,10,,,,,,,,,,"",
"V-c1057","C1057",Boolean,1,R/W,10,,,,,,,,,,"",
"V-c106","C106",Boolean,1,R/W,10,,,,,,,,,,"",
"V-c1060","C1060",Boolean,1,R/W,10,,,,,,,,,,"",
"V-c1061","C1061",Boolean,1,R/W,10,,,,,,,,,,"",
"V-c1062","C1062",Boolean,1,R/W,10,,,,,,,,,,"",
"V-c1063","C1063",Boolean,1,R/W,10,,,,,,,,,,"",
"V-c1064","C1064",Boolean,1,R/W,10,,,,,,,,,,"",
"V-c1065","C1065",Boolean,1,R/W,10,,,,,,,,,,"",
"V-c1066","C1066",Boolean,1,R/W,10,,,,,,,,,,"",
"V-c1067","C1067",Boolean,1,R/W,10,,,,,,,,,,"",
"V-c107","C107",Boolean,1,R/W,10,,,,,,,,,,"",
"V-c1070","C1070",Boolean,1,R/W,10,,,,,,,,,,"",
"V-c1071","C1071",Boolean,1,R/W,10,,,,,,,,,,"",
"V-c1072","C1072",Boolean,1,R/W,10,,,,,,,,,,"",
"V-c1073","C1073",Boolean,1,R/W,10,,,,,,,,,,"",
"V-c1074","C1074",Boolean,1,R/W,10,,,,,,,,,,"",
"V-c1075","C1075",Boolean,1,R/W,10,,,,,,,,,,"",
"V-c1076","C1076",Boolean,1,R/W,10,,,,,,,,,,"",
"V-c1077","C1077",Boolean,1,R/W,10,,,,,,,,,,"",
"V-c11","C11",Boolean,1,R/W,10,,,,,,,,,,"",
"V-c110","C110",Boolean,1,R/W,10,,,,,,,,,,"",
"V-c1100","C1100",Boolean,1,R/W,10,,,,,,,,,,"",
"V-c1101","C1101",Boolean,1,R/W,10,,,,,,,,,,"",
"V-c1102","C1102",Boolean,1,R/W,10,,,,,,,,,,"",
"V-c1103","C1103",Boolean,1,R/W,10,,,,,,,,,,"",
"V-c1104","C1104",Boolean,1,R/W,10,,,,,,,,,,"",
"V-c1105","C1105",Boolean,1,R/W,10,,,,,,,,,,"",
"V-c1106","C1106",Boolean,1,R/W,10,,,,,,,,,,"",
"V-c1107","C1107",Boolean,1,R/W,10,,,,,,,,,,"",
"V-c111","C111",Boolean,1,R/W,10,,,,,,,,,,"",
"V-c1110","C1110",Boolean,1,R/W,10,,,,,,,,,,"",
"V-c1111","C1111",Boolean,1,R/W,10,,,,,,,,,,"",
"V-c1112","C1112",Boolean,1,R/W,10,,,,,,,,,,"",
"V-c1113","C1113",Boolean,1,R/W,10,,,,,,,,,,"",
"V-c1114","C1114",Boolean,1,R/W,10,,,,,,,,,,"",
"V-c1115","C1115",Boolean,1,R/W,10,,,,,,,,,,"",
"V-c1116","C1116",Boolean,1,R/W,10,,,,,,,,,,"",
"V-c1117","C1117",Boolean,1,R/W,10,,,,,,,,,,"",
"V-c112","C112",Boolean,1,R/W,10,,,,,,,,,,"",
"V-c1120","C1120",Boolean,1,R/W,10,,,,,,,,,,"",
"V-c1121","C1121",Boolean,1,R/W,10,,,,,,,,,,"",
"V-c1122","C1122",Boolean,1,R/W,10,,,,,,,,,,"",
"V-c1123","C1123",Boolean,1,R/W,10,,,,,,,,,,"",
"V-c1124","C1124",Boolean,1,R/W,10,,,,,,,,,,"",
"V-c1125","C1125",Boolean,1,R/W,10,,,,,,,,,,"",
"V-c1126","C1126",Boolean,1,R/W,10,,,,,,,,,,"",
"V-c1127","C1127",Boolean,1,R/W,10,,,,,,,,,,"",
"V-c113","C113",Boolean,1,R/W,10,,,,,,,,,,"",
"V-c1130","C1130",Boolean,1,R/W,10,,,,,,,,,,"",
"V-c1131","C1131",Boolean,1,R/W,10,,,,,,,,,,"",
"V-c1132","C1132",Boolean,1,R/W,10,,,,,,,,,,"",
"V-c1133","C1133",Boolean,1,R/W,10,,,,,,,,,,"",
"V-c1134","C1134",Boolean,1,R/W,10,,,,,,,,,,"",
"V-c1135","C1135",Boolean,1,R/W,10,,,,,,,,,,"",
"V-c1136","C1136",Boolean,1,R/W,10,,,,,,,,,,"",
"V-c1137","C1137",Boolean,1,R/W,10,,,,,,,,,,"",
"V-c114","C114",Boolean,1,R/W,10,,,,,,,,,,"",
"V-c1140","C1140",Boolean,1,R/W,10,,,,,,,,,,"",
"V-c1141","C1141",Boolean,1,R/W,10,,,,,,,,,,"",
"V-c1142","C1142",Boolean,1,R/W,10,,,,,,,,,,"",
"V-c1143","C1143",Boolean,1,R/W,10,,,,,,,,,,"",
"V-c1144","C1144",Boolean,1,R/W,10,,,,,,,,,,"",
"V-c1145","C1145",Boolean,1,R/W,10,,,,,,,,,,"",
"V-c1146","C1146",Boolean,1,R/W,10,,,,,,,,,,"",
"V-c1147","C1147",Boolean,1,R/W,10,,,,,,,,,,"",
"V-c115","C115",Boolean,1,R/W,10,,,,,,,,,,"",
"V-c1150","C1150",Boolean,1,R/W,10,,,,,,,,,,"",
"V-c1151","C1151",Boolean,1,R/W,10,,,,,,,,,,"",
"V-c1152","C1152",Boolean,1,R/W,10,,,,,,,,,,"",
"V-c1153","C1153",Boolean,1,R/W,10,,,,,,,,,,"",
"V-c1154","C1154",Boolean,1,R/W,10,,,,,,,,,,"",
"V-c1155","C1155",Boolean,1,R/W,10,,,,,,,,,,"",
"V-c1156","C1156",Boolean,1,R/W,10,,,,,,,,,,"",
"V-c1157","C1157",Boolean,1,R/W,10,,,,,,,,,,"",
"V-c116","C116",Boolean,1,R/W,10,,,,,,,,,,"",
"V-c1160","C1160",Boolean,1,R/W,10,,,,,,,,,,"",
"V-c1161","C1161",Boolean,1,R/W,10,,,,,,,,,,"",
"V-c1162","C1162",Boolean,1,R/W,10,,,,,,,,,,"",
"V-c1163","C1163",Boolean,1,R/W,10,,,,,,,,,,"",
"V-c1164","C1164",Boolean,1,R/W,10,,,,,,,,,,"",
"V-c1165","C1165",Boolean,1,R/W,10,,,,,,,,,,"",
"V-c1166","C1166",Boolean,1,R/W,10,,,,,,,,,,"",
"V-c1167","C1167",Boolean,1,R/W,10,,,,,,,,,,"",
"V-c117","C117",Boolean,1,R/W,10,,,,,,,,,,"",
"V-c1170","C1170",Boolean,1,R/W,10,,,,,,,,,,"",
"V-c1171","C1171",Boolean,1,R/W,10,,,,,,,,,,"",
"V-c1172","C1172",Boolean,1,R/W,10,,,,,,,,,,"",
"V-c1173","C1173",Boolean,1,R/W,10,,,,,,,,,,"",
"V-c1174","C1174",Boolean,1,R/W,10,,,,,,,,,,"",
"V-c1175","C1175",Boolean,1,R/W,10,,,,,,,,,,"",
"V-c1176","C1176",Boolean,1,R/W,10,,,,,,,,,,"",
"V-c1177","C1177",Boolean,1,R/W,10,,,,,,,,,,"",
"V-c12","C12",Boolean,1,R/W,10,,,,,,,,,,"",
"V-c120","C120",Boolean,1,R/W,10,,,,,,,,,,"",
"V-c1200","C1200",Boolean,1,R/W,10,,,,,,,,,,"",
"V-c1201","C1201",Boolean,1,R/W,10,,,,,,,,,,"",
"V-c1202","C1202",Boolean,1,R/W,10,,,,,,,,,,"",
"V-c1203","C1203",Boolean,1,R/W,10,,,,,,,,,,"",
"V-c1204","C1204",Boolean,1,R/W,10,,,,,,,,,,"",
"V-c1205","C1205",Boolean,1,R/W,10,,,,,,,,,,"",
"V-c1206","C1206",Boolean,1,R/W,10,,,,,,,,,,"",
"V-c1207","C1207",Boolean,1,R/W,10,,,,,,,,,,"",
"V-c121","C121",Boolean,1,R/W,10,,,,,,,,,,"",
"V-c1210","C1210",Boolean,1,R/W,10,,,,,,,,,,"",
"V-c1211","C1211",Boolean,1,R/W,10,,,,,,,,,,"",
"V-c1212","C1212",Boolean,1,R/W,10,,,,,,,,,,"",
"V-c1213","C1213",Boolean,1,R/W,10,,,,,,,,,,"",
"V-c1214","C1214",Boolean,1,R/W,10,,,,,,,,,,"",
"V-c1215","C1215",Boolean,1,R/W,10,,,,,,,,,,"",
"V-c1216","C1216",Boolean,1,R/W,10,,,,,,,,,,"",
"V-c1217","C1217",Boolean,1,R/W,10,,,,,,,,,,"",
"V-c122","C122",Boolean,1,R/W,10,,,,,,,,,,"",
"V-c1220","C1220",Boolean,1,R/W,10,,,,,,,,,,"",
"V-c1221","C1221",Boolean,1,R/W,10,,,,,,,,,,"",
"V-c1222","C1222",Boolean,1,R/W,10,,,,,,,,,,"",
"V-c1223","C1223",Boolean,1,R/W,10,,,,,,,,,,"",
"V-c1224","C1224",Boolean,1,R/W,10,,,,,,,,,,"",
"V-c1225","C1225",Boolean,1,R/W,10,,,,,,,,,,"",
"V-c1226","C1226",Boolean,1,R/W,10,,,,,,,,,,"",
"V-c1227","C1227",Boolean,1,R/W,10,,,,,,,,,,"",
"V-c123","C123",Boolean,1,R/W,10,,,,,,,,,,"",
"V-c1230","C1230",Boolean,1,R/W,10,,,,,,,,,,"",
"V-c1231","C1231",Boolean,1,R/W,10,,,,,,,,,,"",
"V-c1232","C1232",Boolean,1,R/W,10,,,,,,,,,,"",
"V-c1233","C1233",Boolean,1,R/W,10,,,,,,,,,,"",
"V-c1234","C1234",Boolean,1,R/W,10,,,,,,,,,,"",
"V-c1235","C1235",Boolean,1,R/W,10,,,,,,,,,,"",
"V-c1236","C1236",Boolean,1,R/W,10,,,,,,,,,,"",
"V-c1237","C1237",Boolean,1,R/W,10,,,,,,,,,,"",
"V-c124","C124",Boolean,1,R/W,10,,,,,,,,,,"",
"V-c1240","C1240",Boolean,1,R/W,10,,,,,,,,,,"",
"V-c1241","C1241",Boolean,1,R/W,10,,,,,,,,,,"",
"V-c1242","C1242",Boolean,1,R/W,10,,,,,,,,,,"",
"V-c1243","C1243",Boolean,1,R/W,10,,,,,,,,,,"",
"V-c1244","C1244",Boolean,1,R/W,10,,,,,,,,,,"",
"V-c1245","C1245",Boolean,1,R/W,10,,,,,,,,,,"",
"V-c1246","C1246",Boolean,1,R/W,10,,,,,,,,,,"",
"V-c1247","C1247",Boolean,1,R/W,10,,,,,,,,,,"",
"V-c125","C125",Boolean,1,R/W,10,,,,,,,,,,"",
"V-c1250","C1250",Boolean,1,R/W,10,,,,,,,,,,"",
"V-c1251","C1251",Boolean,1,R/W,10,,,,,,,,,,"",
"V-c1252","C1252",Boolean,1,R/W,10,,,,,,,,,,"",
"V-c1253","C1253",Boolean,1,R/W,10,,,,,,,,,,"",
"V-c1254","C1254",Boolean,1,R/W,10,,,,,,,,,,"",
"V-c1255","C1255",Boolean,1,R/W,10,,,,,,,,,,"",
"V-c1256","C1256",Boolean,1,R/W,10,,,,,,,,,,"",
"V-c1257","C1257",Boolean,1,R/W,10,,,,,,,,,,"",
"V-c126","C126",Boolean,1,R/W,10,,,,,,,,,,"",
"V-c1260","C1260",Boolean,1,R/W,10,,,,,,,,,,"",
"V-c1261","C1261",Boolean,1,R/W,10,,,,,,,,,,"",
"V-c1262","C1262",Boolean,1,R/W,10,,,,,,,,,,"",
"V-c1263","C1263",Boolean,1,R/W,10,,,,,,,,,,"",
"V-c1264","C1264",Boolean,1,R/W,10,,,,,,,,,,"",
"V-c1265","C1265",Boolean,1,R/W,10,,,,,,,,,,"",
"V-c1266","C1266",Boolean,1,R/W,10,,,,,,,,,,"",
"V-c1267","C1267",Boolean,1,R/W,10,,,,,,,,,,"",
"V-c127","C127",Boolean,1,R/W,10,,,,,,,,,,"",
"V-c1270","C1270",Boolean,1,R/W,10,,,,,,,,,,"",
"V-c1271","C1271",Boolean,1,R/W,10,,,,,,,,,,"",
"V-c1272","C1272",Boolean,1,R/W,10,,,,,,,,,,"",
"V-c1273","C1273",Boolean,1,R/W,10,,,,,,,,,,"",
"V-c1274","C1274",Boolean,1,R/W,10,,,,,,,,,,"",
"V-c1275","C1275",Boolean,1,R/W,10,,,,,,,,,,"",
"V-c1276","C1276",Boolean,1,R/W,10,,,,,,,,,,"",
"V-c1277","C1277",Boolean,1,R/W,10,,,,,,,,,,"",
"V-c13","C13",Boolean,1,R/W,10,,,,,,,,,,"",
"V-c130","C130",Boolean,1,R/W,10,,,,,,,,,,"",
"V-c1300","C1300",Boolean,1,R/W,10,,,,,,,,,,"",
"V-c1301","C1301",Boolean,1,R/W,10,,,,,,,,,,"",
"V-c1302","C1302",Boolean,1,R/W,10,,,,,,,,,,"",
"V-c1303","C1303",Boolean,1,R/W,10,,,,,,,,,,"",
"V-c1304","C1304",Boolean,1,R/W,10,,,,,,,,,,"",
"V-c1305","C1305",Boolean,1,R/W,10,,,,,,,,,,"",
"V-c1306","C1306",Boolean,1,R/W,10,,,,,,,,,,"",
"V-c1307","C1307",Boolean,1,R/W,10,,,,,,,,,,"",
"V-c131","C131",Boolean,1,R/W,10,,,,,,,,,,"",
"V-c1310","C1310",Boolean,1,R/W,10,,,,,,,,,,"",
"V-c1311","C1311",Boolean,1,R/W,10,,,,,,,,,,"",
"V-c1312","C1312",Boolean,1,R/W,10,,,,,,,,,,"",
"V-c1313","C1313",Boolean,1,R/W,10,,,,,,,,,,"",
"V-c1314","C1314",Boolean,1,R/W,10,,,,,,,,,,"",
"V-c1315","C1315",Boolean,1,R/W,10,,,,,,,,,,"",
"V-c1316","C1316",Boolean,1,R/W,10,,,,,,,,,,"",
"V-c1317","C1317",Boolean,1,R/W,10,,,,,,,,,,"",
"V-c132","C132",Boolean,1,R/W,10,,,,,,,,,,"",
"V-c1320","C1320",Boolean,1,R/W,10,,,,,,,,,,"",
"V-c1321","C1321",Boolean,1,R/W,10,,,,,,,,,,"",
"V-c1322","C1322",Boolean,1,R/W,10,,,,,,,,,,"",
"V-c1323","C1323",Boolean,1,R/W,10,,,,,,,,,,"",
"V-c1324","C1324",Boolean,1,R/W,10,,,,,,,,,,"",
"V-c1325","C1325",Boolean,1,R/W,10,,,,,,,,,,"",
"V-c1326","C1326",Boolean,1,R/W,10,,,,,,,,,,"",
"V-c1327","C1327",Boolean,1,R/W,10,,,,,,,,,,"",
"V-c133","C133",Boolean,1,R/W,10,,,,,,,,,,"",
"V-c1330","C1330",Boolean,1,R/W,10,,,,,,,,,,"",
"V-c1331","C1331",Boolean,1,R/W,10,,,,,,,,,,"",
"V-c1332","C1332",Boolean,1,R/W,10,,,,,,,,,,"",
"V-c1333","C1333",Boolean,1,R/W,10,,,,,,,,,,"",
"V-c1334","C1334",Boolean,1,R/W,10,,,,,,,,,,"",
"V-c1335","C1335",Boolean,1,R/W,10,,,,,,,,,,"",
"V-c1336","C1336",Boolean,1,R/W,10,,,,,,,,,,"",
"V-c1337","C1337",Boolean,1,R/W,10,,,,,,,,,,"",
"V-c134","C134",Boolean,1,R/W,10,,,,,,,,,,"",
"V-c1340","C1340",Boolean,1,R/W,10,,,,,,,,,,"",
"V-c1341","C1341",Boolean,1,R/W,10,,,,,,,,,,"",
"V-c1342","C1342",Boolean,1,R/W,10,,,,,,,,,,"",
"V-c1343","C1343",Boolean,1,R/W,10,,,,,,,,,,"",
"V-c1344","C1344",Boolean,1,R/W,10,,,,,,,,,,"",
"V-c1345","C1345",Boolean,1,R/W,10,,,,,,,,,,"",
"V-c1346","C1346",Boolean,1,R/W,10,,,,,,,,,,"",
"V-c1347","C1347",Boolean,1,R/W,10,,,,,,,,,,"",
"V-c135","C135",Boolean,1,R/W,10,,,,,,,,,,"",
"V-c1350","C1350",Boolean,1,R/W,10,,,,,,,,,,"",
"V-c1351","C1351",Boolean,1,R/W,10,,,,,,,,,,"",
"V-c1352","C1352",Boolean,1,R/W,10,,,,,,,,,,"",
"V-c1353","C1353",Boolean,1,R/W,10,,,,,,,,,,"",
"V-c1354","C1354",Boolean,1,R/W,10,,,,,,,,,,"",
"V-c1355","C1355",Boolean,1,R/W,10,,,,,,,,,,"",
"V-c1356","C1356",Boolean,1,R/W,10,,,,,,,,,,"",
"V-c1357","C1357",Boolean,1,R/W,10,,,,,,,,,,"",
"V-c136","C136",Boolean,1,R/W,10,,,,,,,,,,"",
"V-c1360","C1360",Boolean,1,R/W,10,,,,,,,,,,"",
"V-c1361","C1361",Boolean,1,R/W,10,,,,,,,,,,"",
"V-c1362","C1362",Boolean,1,R/W,10,,,,,,,,,,"",
"V-c1363","C1363",Boolean,1,R/W,10,,,,,,,,,,"",
"V-c1364","C1364",Boolean,1,R/W,10,,,,,,,,,,"",
"V-c1365","C1365",Boolean,1,R/W,10,,,,,,,,,,"",
"V-c1366","C1366",Boolean,1,R/W,10,,,,,,,,,,"",
"V-c1367","C1367",Boolean,1,R/W,10,,,,,,,,,,"",
"V-c137","C137",Boolean,1,R/W,10,,,,,,,,,,"",
"V-c1370","C1370",Boolean,1,R/W,10,,,,,,,,,,"",
"V-c1371","C1371",Boolean,1,R/W,10,,,,,,,,,,"",
"V-c1372","C1372",Boolean,1,R/W,10,,,,,,,,,,"",
"V-c1373","C1373",Boolean,1,R/W,10,,,,,,,,,,"",
"V-c1374","C1374",Boolean,1,R/W,10,,,,,,,,,,"",
"V-c1375","C1375",Boolean,1,R/W,10,,,,,,,,,,"",
"V-c1376","C1376",Boolean,1,R/W,10,,,,,,,,,,"",
"V-c1377","C1377",Boolean,1,R/W,10,,,,,,,,,,"",
"V-c14","C14",Boolean,1,R/W,10,,,,,,,,,,"",
"V-c140","C140",Boolean,1,R/W,10,,,,,,,,,,"",
"V-c141","C141",Boolean,1,R/W,10,,,,,,,,,,"",
"V-c142","C142",Boolean,1,R/W,10,,,,,,,,,,"",
"V-c143","C143",Boolean,1,R/W,10,,,,,,,,,,"",
"V-c144","C144",Boolean,1,R/W,10,,,,,,,,,,"",
"V-c145","C145",Boolean,1,R/W,10,,,,,,,,,,"",
"V-c146","C146",Boolean,1,R/W,10,,,,,,,,,,"",
"V-c147","C147",Boolean,1,R/W,10,,,,,,,,,,"",
"V-c15","C15",Boolean,1,R/W,10,,,,,,,,,,"",
"V-c150","C150",Boolean,1,R/W,10,,,,,,,,,,"",
"V-c151","C151",Boolean,1,R/W,10,,,,,,,,,,"",
"V-c152","C152",Boolean,1,R/W,10,,,,,,,,,,"",
"V-c153","C153",Boolean,1,R/W,10,,,,,,,,,,"",
"V-c154","C154",Boolean,1,R/W,10,,,,,,,,,,"",
"V-c155","C155",Boolean,1,R/W,10,,,,,,,,,,"",
"V-c156","C156",Boolean,1,R/W,10,,,,,,,,,,"",
"V-c157","C157",Boolean,1,R/W,10,,,,,,,,,,"",
"V-c16","C16",Boolean,1,R/W,10,,,,,,,,,,"",
"V-c160","C160",Boolean,1,R/W,10,,,,,,,,,,"",
"V-c161","C161",Boolean,1,R/W,10,,,,,,,,,,"",
"V-c162","C162",Boolean,1,R/W,10,,,,,,,,,,"",
"V-c163","C163",Boolean,1,R/W,10,,,,,,,,,,"",
"V-c164","C164",Boolean,1,R/W,10,,,,,,,,,,"",
"V-c165","C165",Boolean,1,R/W,10,,,,,,,,,,"",
"V-c166","C166",Boolean,1,R/W,10,,,,,,,,,,"",
"V-c167","C167",Boolean,1,R/W,10,,,,,,,,,,"",
"V-c17","C17",Boolean,1,R/W,10,,,,,,,,,,"",
"V-c170","C170",Boolean,1,R/W,10,,,,,,,,,,"",
"V-c171","C171",Boolean,1,R/W,10,,,,,,,,,,"",
"V-c172","C172",Boolean,1,R/W,10,,,,,,,,,,"",
"V-c173","C173",Boolean,1,R/W,10,,,,,,,,,,"",
"V-c174","C174",Boolean,1,R/W,10,,,,,,,,,,"",
"V-c175","C175",Boolean,1,R/W,10,,,,,,,,,,"",
"V-c176","C176",Boolean,1,R/W,10,,,,,,,,,,"",
"V-c177","C177",Boolean,1,R/W,10,,,,,,,,,,"",
"V-c2","C2",Boolean,1,R/W,10,,,,,,,,,,"",
"V-c20","C20",Boolean,1,R/W,10,,,,,,,,,,"",
"V-c200","C200",Boolean,1,R/W,10,,,,,,,,,,"",
"V-c201","C201",Boolean,1,R/W,10,,,,,,,,,,"",
"V-c202","C202",Boolean,1,R/W,10,,,,,,,,,,"",
"V-c203","C203",Boolean,1,R/W,10,,,,,,,,,,"",
"V-c204","C204",Boolean,1,R/W,10,,,,,,,,,,"",
"V-c205","C205",Boolean,1,R/W,10,,,,,,,,,,"",
"V-c206","C206",Boolean,1,R/W,10,,,,,,,,,,"",
"V-c207","C207",Boolean,1,R/W,10,,,,,,,,,,"",
"V-c21","C21",Boolean,1,R/W,10,,,,,,,,,,"",
"V-c210","C210",Boolean,1,R/W,10,,,,,,,,,,"",
"V-c211","C211",Boolean,1,R/W,10,,,,,,,,,,"",
"V-c212","C212",Boolean,1,R/W,10,,,,,,,,,,"",
"V-c213","C213",Boolean,1,R/W,10,,,,,,,,,,"",
"V-c214","C214",Boolean,1,R/W,10,,,,,,,,,,"",
"V-c215","C215",Boolean,1,R/W,10,,,,,,,,,,"",
"V-c216","C216",Boolean,1,R/W,10,,,,,,,,,,"",
"V-c217","C217",Boolean,1,R/W,10,,,,,,,,,,"",
"V-c22","C22",Boolean,1,R/W,10,,,,,,,,,,"",
"V-c220","C220",Boolean,1,R/W,10,,,,,,,,,,"",
"V-c221","C221",Boolean,1,R/W,10,,,,,,,,,,"",
"V-c222","C222",Boolean,1,R/W,10,,,,,,,,,,"",
"V-c223","C223",Boolean,1,R/W,10,,,,,,,,,,"",
"V-c224","C224",Boolean,1,R/W,10,,,,,,,,,,"",
"V-c225","C225",Boolean,1,R/W,10,,,,,,,,,,"",
"V-c226","C226",Boolean,1,R/W,10,,,,,,,,,,"",
"V-c227","C227",Boolean,1,R/W,10,,,,,,,,,,"",
"V-c23","C23",Boolean,1,R/W,10,,,,,,,,,,"",
"V-c230","C230",Boolean,1,R/W,10,,,,,,,,,,"",
"V-c231","C231",Boolean,1,R/W,10,,,,,,,,,,"",
"V-c232","C232",Boolean,1,R/W,10,,,,,,,,,,"",
"V-c233","C233",Boolean,1,R/W,10,,,,,,,,,,"",
"V-c234","C234",Boolean,1,R/W,10,,,,,,,,,,"",
"V-c235","C235",Boolean,1,R/W,10,,,,,,,,,,"",
"V-c236","C236",Boolean,1,R/W,10,,,,,,,,,,"",
"V-c237","C237",Boolean,1,R/W,10,,,,,,,,,,"",
"V-c24","C24",Boolean,1,R/W,10,,,,,,,,,,"",
"V-c240","C240",Boolean,1,R/W,10,,,,,,,,,,"",
"V-c241","C241",Boolean,1,R/W,10,,,,,,,,,,"",
"V-c242","C242",Boolean,1,R/W,10,,,,,,,,,,"",
"V-c243","C243",Boolean,1,R/W,10,,,,,,,,,,"",
"V-c244","C244",Boolean,1,R/W,10,,,,,,,,,,"",
"V-c245","C245",Boolean,1,R/W,10,,,,,,,,,,"",
"V-c246","C246",Boolean,1,R/W,10,,,,,,,,,,"",
"V-c247","C247",Boolean,1,R/W,10,,,,,,,,,,"",
"V-c25","C25",Boolean,1,R/W,10,,,,,,,,,,"",
"V-c250","C250",Boolean,1,R/W,10,,,,,,,,,,"",
"V-c251","C251",Boolean,1,R/W,10,,,,,,,,,,"",
"V-c252","C252",Boolean,1,R/W,10,,,,,,,,,,"",
"V-c253","C253",Boolean,1,R/W,10,,,,,,,,,,"",
"V-c254","C254",Boolean,1,R/W,10,,,,,,,,,,"",
"V-c255","C255",Boolean,1,R/W,10,,,,,,,,,,"",
"V-c256","C256",Boolean,1,R/W,10,,,,,,,,,,"",
"V-c257","C257",Boolean,1,R/W,10,,,,,,,,,,"",
"V-c26","C26",Boolean,1,R/W,10,,,,,,,,,,"",
"V-c260","C260",Boolean,1,R/W,10,,,,,,,,,,"",
"V-c261","C261",Boolean,1,R/W,10,,,,,,,,,,"",
"V-c262","C262",Boolean,1,R/W,10,,,,,,,,,,"",
"V-c263","C263",Boolean,1,R/W,10,,,,,,,,,,"",
"V-c264","C264",Boolean,1,R/W,10,,,,,,,,,,"",
"V-c265","C265",Boolean,1,R/W,10,,,,,,,,,,"",
"V-c266","C266",Boolean,1,R/W,10,,,,,,,,,,"",
"V-c267","C267",Boolean,1,R/W,10,,,,,,,,,,"",
"V-c27","C27",Boolean,1,R/W,10,,,,,,,,,,"",
"V-c270","C270",Boolean,1,R/W,10,,,,,,,,,,"",
"V-c271","C271",Boolean,1,R/W,10,,,,,,,,,,"",
"V-c272","C272",Boolean,1,R/W,10,,,,,,,,,,"",
"V-c273","C273",Boolean,1,R/W,10,,,,,,,,,,"",
"V-c274","C274",Boolean,1,R/W,10,,,,,,,,,,"",
"V-c275","C275",Boolean,1,R/W,10,,,,,,,,,,"",
"V-c276","C276",Boolean,1,R/W,10,,,,,,,,,,"",
"V-c277","C277",Boolean,1,R/W,10,,,,,,,,,,"",
"V-c3","C3",Boolean,1,R/W,10,,,,,,,,,,"",
"V-c30","C30",Boolean,1,R/W,10,,,,,,,,,,"",
"V-c300","C300",Boolean,1,R/W,10,,,,,,,,,,"",
"V-c301","C301",Boolean,1,R/W,10,,,,,,,,,,"",
"V-c302","C302",Boolean,1,R/W,10,,,,,,,,,,"",
"V-c303","C303",Boolean,1,R/W,10,,,,,,,,,,"",
"V-c304","C304",Boolean,1,R/W,10,,,,,,,,,,"",
"V-c305","C305",Boolean,1,R/W,10,,,,,,,,,,"",
"V-c306","C306",Boolean,1,R/W,10,,,,,,,,,,"",
"V-c307","C307",Boolean,1,R/W,10,,,,,,,,,,"",
"V-c31","C31",Boolean,1,R/W,10,,,,,,,,,,"",
"V-c310","C310",Boolean,1,R/W,10,,,,,,,,,,"",
"V-c311","C311",Boolean,1,R/W,10,,,,,,,,,,"",
"V-c312","C312",Boolean,1,R/W,10,,,,,,,,,,"",
"V-c313","C313",Boolean,1,R/W,10,,,,,,,,,,"",
"V-c314","C314",Boolean,1,R/W,10,,,,,,,,,,"",
"V-c315","C315",Boolean,1,R/W,10,,,,,,,,,,"",
"V-c316","C316",Boolean,1,R/W,10,,,,,,,,,,"",
"V-c317","C317",Boolean,1,R/W,10,,,,,,,,,,"",
"V-c32","C32",Boolean,1,R/W,10,,,,,,,,,,"",
"V-c320","C320",Boolean,1,R/W,10,,,,,,,,,,"",
"V-c321","C321",Boolean,1,R/W,10,,,,,,,,,,"",
"V-c322","C322",Boolean,1,R/W,10,,,,,,,,,,"",
"V-c323","C323",Boolean,1,R/W,10,,,,,,,,,,"",
"V-c324","C324",Boolean,1,R/W,10,,,,,,,,,,"",
"V-c325","C325",Boolean,1,R/W,10,,,,,,,,,,"",
"V-c326","C326",Boolean,1,R/W,10,,,,,,,,,,"",
"V-c327","C327",Boolean,1,R/W,10,,,,,,,,,,"",
"V-c33","C33",Boolean,1,R/W,10,,,,,,,,,,"",
"V-c330","C330",Boolean,1,R/W,10,,,,,,,,,,"",
"V-c331","C331",Boolean,1,R/W,10,,,,,,,,,,"",
"V-c332","C332",Boolean,1,R/W,10,,,,,,,,,,"",
"V-c333","C333",Boolean,1,R/W,10,,,,,,,,,,"",
"V-c334","C334",Boolean,1,R/W,10,,,,,,,,,,"",
"V-c335","C335",Boolean,1,R/W,10,,,,,,,,,,"",
"V-c336","C336",Boolean,1,R/W,10,,,,,,,,,,"",
"V-c337","C337",Boolean,1,R/W,10,,,,,,,,,,"",
"V-c34","C34",Boolean,1,R/W,10,,,,,,,,,,"",
"V-c340","C340",Boolean,1,R/W,10,,,,,,,,,,"",
"V-c341","C341",Boolean,1,R/W,10,,,,,,,,,,"",
"V-c342","C342",Boolean,1,R/W,10,,,,,,,,,,"",
"V-c343","C343",Boolean,1,R/W,10,,,,,,,,,,"",
"V-c344","C344",Boolean,1,R/W,10,,,,,,,,,,"",
"V-c345","C345",Boolean,1,R/W,10,,,,,,,,,,"",
"V-c346","C346",Boolean,1,R/W,10,,,,,,,,,,"",
"V-c347","C347",Boolean,1,R/W,10,,,,,,,,,,"",
"V-c35","C35",Boolean,1,R/W,10,,,,,,,,,,"",
"V-c350","C350",Boolean,1,R/W,10,,,,,,,,,,"",
"V-c351","C351",Boolean,1,R/W,10,,,,,,,,,,"",
"V-c352","C352",Boolean,1,R/W,10,,,,,,,,,,"",
"V-c353","C353",Boolean,1,R/W,10,,,,,,,,,,"",
"V-c354","C354",Boolean,1,R/W,10,,,,,,,,,,"",
"V-c355","C355",Boolean,1,R/W,10,,,,,,,,,,"",
"V-c356","C356",Boolean,1,R/W,10,,,,,,,,,,"",
"V-c357","C357",Boolean,1,R/W,10,,,,,,,,,,"",
"V-c36","C36",Boolean,1,R/W,10,,,,,,,,,,"",
"V-c360","C360",Boolean,1,R/W,10,,,,,,,,,,"",
"V-c361","C361",Boolean,1,R/W,10,,,,,,,,,,"",
"V-c362","C362",Boolean,1,R/W,10,,,,,,,,,,"",
"V-c363","C363",Boolean,1,R/W,10,,,,,,,,,,"",
"V-c364","C364",Boolean,1,R/W,10,,,,,,,,,,"",
"V-c365","C365",Boolean,1,R/W,10,,,,,,,,,,"",
"V-c366","C366",Boolean,1,R/W,10,,,,,,,,,,"",
"V-c367","C367",Boolean,1,R/W,10,,,,,,,,,,"",
"V-c37","C37",Boolean,1,R/W,10,,,,,,,,,,"",
"V-c370","C370",Boolean,1,R/W,10,,,,,,,,,,"",
"V-c371","C371",Boolean,1,R/W,10,,,,,,,,,,"",
"V-c372","C372",Boolean,1,R/W,10,,,,,,,,,,"",
"V-c373","C373",Boolean,1,R/W,10,,,,,,,,,,"",
"V-c374","C374",Boolean,1,R/W,10,,,,,,,,,,"",
"V-c375","C375",Boolean,1,R/W,10,,,,,,,,,,"",
"V-c376","C376",Boolean,1,R/W,10,,,,,,,,,,"",
"V-c377","C377",Boolean,1,R/W,10,,,,,,,,,,"",
"V-c4","C4",Boolean,1,R/W,10,,,,,,,,,,"",
"V-c40","C40",Boolean,1,R/W,10,,,,,,,,,,"",
"V-c41","C41",Boolean,1,R/W,10,,,,,,,,,,"",
"V-c42","C42",Boolean,1,R/W,10,,,,,,,,,,"",
"V-c43","C43",Boolean,1,R/W,10,,,,,,,,,,"",
"V-c44","C44",Boolean,1,R/W,10,,,,,,,,,,"",
"V-c45","C45",Boolean,1,R/W,10,,,,,,,,,,"",
"V-c46","C46",Boolean,1,R/W,10,,,,,,,,,,"",
"V-c47","C47",Boolean,1,R/W,10,,,,,,,,,,"",
"V-c5","C5",Boolean,1,R/W,10,,,,,,,,,,"",
"V-c50","C50",Boolean,1,R/W,10,,,,,,,,,,"",
"V-c51","C51",Boolean,1,R/W,10,,,,,,,,,,"",
"V-c52","C52",Boolean,1,R/W,10,,,,,,,,,,"",
"V-c53","C53",Boolean,1,R/W,10,,,,,,,,,,"",
"V-c54","C54",Boolean,1,R/W,10,,,,,,,,,,"",
"V-c55","C55",Boolean,1,R/W,10,,,,,,,,,,"",
"V-c56","C56",Boolean,1,R/W,10,,,,,,,,,,"",
"V-c57","C57",Boolean,1,R/W,10,,,,,,,,,,"",
"V-c6","C6",Boolean,1,R/W,10,,,,,,,,,,"",
"V-c60","C60",Boolean,1,R/W,10,,,,,,,,,,"",
"V-c61","C61",Boolean,1,R/W,10,,,,,,,,,,"",
"V-c62","C62",Boolean,1,R/W,10,,,,,,,,,,"",
"V-c63","C63",Boolean,1,R/W,10,,,,,,,,,,"",
"V-c64","C64",Boolean,1,R/W,10,,,,,,,,,,"",
"V-c65","C65",Boolean,1,R/W,10,,,,,,,,,,"",
"V-c66","C66",Boolean,1,R/W,10,,,,,,,,,,"",
"V-c67","C67",Boolean,1,R/W,10,,,,,,,,,,"",
"V-c7","C7",Boolean,1,R/W,10,,,,,,,,,,"",
"V-c70","C70",Boolean,1,R/W,10,,,,,,,,,,"",
"V-c71","C71",Boolean,1,R/W,10,,,,,,,,,,"",
"V-c72","C72",Boolean,1,R/W,10,,,,,,,,,,"",
"V-c73","C73",Boolean,1,R/W,10,,,,,,,,,,"",
"V-c74","C74",Boolean,1,R/W,10,,,,,,,,,,"",
"V-c75","C75",Boolean,1,R/W,10,,,,,,,,,,"",
"V-c76","C76",Boolean,1,R/W,10,,,,,,,,,,"",
"V-c77","C77",Boolean,1,R/W,10,,,,,,,,,,"",
"V-v10000","V10000",Float,1,R/W,10,,,,,,,,,,"",
"V-v10002","V10002",Float,1,R/W,10,,,,,,,,,,"",
"V-v10020","V10020",Float,1,R/W,10,,,,,,,,,,"",
"V-v10022","V10022",Float,1,R/W,10,,,,,,,,,,"",
"V-v11000","V11000",Float,1,R/W,10,,,,,,,,,,"",
"V-v11002","V11002",Float,1,R/W,10,,,,,,,,,,"",
"V-v11020","V11020",Float,1,R/W,10,,,,,,,,,,"",
"V-v11022","V11022",Float,1,R/W,10,,,,,,,,,,"",
"V-v12000","V12000",Float,1,R/W,10,,,,,,,,,,"",
"V-v12002","V12002",Float,1,R/W,10,,,,,,,,,,"",
"V-v12020","V12020",Float,1,R/W,10,,,,,,,,,,"",
"V-v12022","V12022",Float,1,R/W,10,,,,,,,,,,"",
"V-v40400","V40400",Float,1,R/W,10,,,,,,,,,,"",
"V-v40401","V40401",Float,1,R/W,10,,,,,,,,,,"",
"V-v40402","V40402",Float,1,R/W,10,,,,,,,,,,"",
"V-v40403","V40403",Float,1,R/W,10,,,,,,,,,,"",
"V-v40404","V40404",Float,1,R/W,10,,,,,,,,,,"",
"V-v40405","V40405",Float,1,R/W,10,,,,,,,,,,"",
"V-v40406","V40406",Float,1,R/W,10,,,,,,,,,,"",
"V-v40407","V40407",Float,1,R/W,10,,,,,,,,,,"",
"V-v40410","V40410",Float,1,R/W,10,,,,,,,,,,"",
"V-v40411","V40411",Float,1,R/W,10,,,,,,,,,,"",
"V-v40412","V40412",Float,1,R/W,10,,,,,,,,,,"",
"V-v40413","V40413",Float,1,R/W,10,,,,,,,,,,"",
"V-v40414","V40414",Float,1,R/W,10,,,,,,,,,,"",
"V-v40415","V40415",Float,1,R/W,10,,,,,,,,,,"",
"V-v40416","V40416",Float,1,R/W,10,,,,,,,,,,"",
"V-v40417","V40417",Float,1,R/W,10,,,,,,,,,,"",
"V-v40420","V40420",Float,1,R/W,10,,,,,,,,,,"",
"V-v40421","V40421",Float,1,R/W,10,,,,,,,,,,"",
"V-v40422","V40422",Float,1,R/W,10,,,,,,,,,,"",
"V-v40423","V40423",Float,1,R/W,10,,,,,,,,,,"",
"V-v40424","V40424",Float,1,R/W,10,,,,,,,,,,"",
"V-v40425","V40425",Float,1,R/W,10,,,,,,,,,,"",
"V-v40426","V40426",Float,1,R/W,10,,,,,,,,,,"",
"V-v40427","V40427",Float,1,R/W,10,,,,,,,,,,"",
"V-X0","X0",Boolean,1,R/W,10,,,,,,,,,,"",
"V-X1","X1",Boolean,1,R/W,10,,,,,,,,,,"",
"V-X10","X10",Boolean,1,R/W,10,,,,,,,,,,"",
"V-X100","X100",Boolean,1,R/W,10,,,,,,,,,,"",
"V-X101","X101",Boolean,1,R/W,10,,,,,,,,,,"",
"V-X102","X102",Boolean,1,R/W,10,,,,,,,,,,"",
"V-X103","X103",Boolean,1,R/W,10,,,,,,,,,,"",
"V-X104","X104",Boolean,1,R/W,10,,,,,,,,,,"",
"V-X105","X105",Boolean,1,R/W,10,,,,,,,,,,"",
"V-X106","X106",Boolean,1,R/W,10,,,,,,,,,,"",
"V-X107","X107",Boolean,1,R/W,10,,,,,,,,,,"",
"V-X11","X11",Boolean,1,R/W,10,,,,,,,,,,"",
"V-X110","X110",Boolean,1,R/W,10,,,,,,,,,,"",
"V-X111","X111",Boolean,1,R/W,10,,,,,,,,,,"",
"V-X112","X112",Boolean,1,R/W,10,,,,,,,,,,"",
"V-X113","X113",Boolean,1,R/W,10,,,,,,,,,,"",
"V-X114","X114",Boolean,1,R/W,10,,,,,,,,,,"",
"V-X115","X115",Boolean,1,R/W,10,,,,,,,,,,"",
"V-X116","X116",Boolean,1,R/W,10,,,,,,,,,,"",
"V-X117","X117",Boolean,1,R/W,10,,,,,,,,,,"",
"V-X12","X12",Boolean,1,R/W,10,,,,,,,,,,"",
"V-X120","X120",Boolean,1,R/W,10,,,,,,,,,,"",
"V-X121","X121",Boolean,1,R/W,10,,,,,,,,,,"",
"V-X122","X122",Boolean,1,R/W,10,,,,,,,,,,"",
"V-X123","X123",Boolean,1,R/W,10,,,,,,,,,,"",
"V-X124","X124",Boolean,1,R/W,10,,,,,,,,,,"",
"V-X125","X125",Boolean,1,R/W,10,,,,,,,,,,"",
"V-X126","X126",Boolean,1,R/W,10,,,,,,,,,,"",
"V-X127","X127",Boolean,1,R/W,10,,,,,,,,,,"",
"V-X13","X13",Boolean,1,R/W,10,,,,,,,,,,"",
"V-X130","X130",Boolean,1,R/W,10,,,,,,,,,,"",
"V-X131","X131",Boolean,1,R/W,10,,,,,,,,,,"",
"V-X132","X132",Boolean,1,R/W,10,,,,,,,,,,"",
"V-X133","X133",Boolean,1,R/W,10,,,,,,,,,,"",
"V-X134","X134",Boolean,1,R/W,10,,,,,,,,,,"",
"V-X135","X135",Boolean,1,R/W,10,,,,,,,,,,"",
"V-X136","X136",Boolean,1,R/W,10,,,,,,,,,,"",
"V-X137","X137",Boolean,1,R/W,10,,,,,,,,,,"",
"V-X14","X14",Boolean,1,R/W,10,,,,,,,,,,"",
"V-X140","X140",Boolean,1,R/W,10,,,,,,,,,,"",
"V-X141","X141",Boolean,1,R/W,10,,,,,,,,,,"",
"V-X142","X142",Boolean,1,R/W,10,,,,,,,,,,"",
"V-X143","X143",Boolean,1,R/W,10,,,,,,,,,,"",
"V-X144","X144",Boolean,1,R/W,10,,,,,,,,,,"",
"V-X145","X145",Boolean,1,R/W,10,,,,,,,,,,"",
"V-X146","X146",Boolean,1,R/W,10,,,,,,,,,,"",
"V-X147","X147",Boolean,1,R/W,10,,,,,,,,,,"",
"V-X15","X15",Boolean,1,R/W,10,,,,,,,,,,"",
"V-X150","X150",Boolean,1,R/W,10,,,,,,,,,,"",
"V-X151","X151",Boolean,1,R/W,10,,,,,,,,,,"",
"V-X152","X152",Boolean,1,R/W,10,,,,,,,,,,"",
"V-X153","X153",Boolean,1,R/W,10,,,,,,,,,,"",
"V-X154","X154",Boolean,1,R/W,10,,,,,,,,,,"",
"V-X155","X155",Boolean,1,R/W,10,,,,,,,,,,"",
"V-X156","X156",Boolean,1,R/W,10,,,,,,,,,,"",
"V-X157","X157",Boolean,1,R/W,10,,,,,,,,,,"",
"V-X16","X16",Boolean,1,R/W,10,,,,,,,,,,"",
"V-X160","X160",Boolean,1,R/W,10,,,,,,,,,,"",
"V-X161","X161",Boolean,1,R/W,10,,,,,,,,,,"",
"V-X162","X162",Boolean,1,R/W,10,,,,,,,,,,"",
"V-X163","X163",Boolean,1,R/W,10,,,,,,,,,,"",
"V-X164","X164",Boolean,1,R/W,10,,,,,,,,,,"",
"V-X165","X165",Boolean,1,R/W,10,,,,,,,,,,"",
"V-X166","X166",Boolean,1,R/W,10,,,,,,,,,,"",
"V-X167","X167",Boolean,1,R/W,10,,,,,,,,,,"",
"V-X17","X17",Boolean,1,R/W,10,,,,,,,,,,"",
"V-X170","X170",Boolean,1,R/W,10,,,,,,,,,,"",
"V-X171","X171",Boolean,1,R/W,10,,,,,,,,,,"",
"V-X172","X172",Boolean,1,R/W,10,,,,,,,,,,"",
"V-X173","X173",Boolean,1,R/W,10,,,,,,,,,,"",
"V-X174","X174",Boolean,1,R/W,10,,,,,,,,,,"",
"V-X175","X175",Boolean,1,R/W,10,,,,,,,,,,"",
"V-X176","X176",Boolean,1,R/W,10,,,,,,,,,,"",
"V-X177","X177",Boolean,1,R/W,10,,,,,,,,,,"",
"V-X2","X2",Boolean,1,R/W,10,,,,,,,,,,"",
"V-X20","X20",Boolean,1,R/W,10,,,,,,,,,,"",
"V-X200","X200",Boolean,1,R/W,10,,,,,,,,,,"",
"V-X201","X201",Boolean,1,R/W,10,,,,,,,,,,"",
"V-X202","X202",Boolean,1,R/W,10,,,,,,,,,,"",
"V-X203","X203",Boolean,1,R/W,10,,,,,,,,,,"",
"V-X204","X204",Boolean,1,R/W,10,,,,,,,,,,"",
"V-X205","X205",Boolean,1,R/W,10,,,,,,,,,,"",
"V-X206","X206",Boolean,1,R/W,10,,,,,,,,,,"",
"V-X207","X207",Boolean,1,R/W,10,,,,,,,,,,"",
"V-X21","X21",Boolean,1,R/W,10,,,,,,,,,,"",
"V-X210","X210",Boolean,1,R/W,10,,,,,,,,,,"",
"V-X211","X211",Boolean,1,R/W,10,,,,,,,,,,"",
"V-X212","X212",Boolean,1,R/W,10,,,,,,,,,,"",
"V-X213","X213",Boolean,1,R/W,10,,,,,,,,,,"",
"V-X214","X214",Boolean,1,R/W,10,,,,,,,,,,"",
"V-X215","X215",Boolean,1,R/W,10,,,,,,,,,,"",
"V-X216","X216",Boolean,1,R/W,10,,,,,,,,,,"",
"V-X217","X217",Boolean,1,R/W,10,,,,,,,,,,"",
"V-X22","X22",Boolean,1,R/W,10,,,,,,,,,,"",
"V-X220","X220",Boolean,1,R/W,10,,,,,,,,,,"",
"V-X221","X221",Boolean,1,R/W,10,,,,,,,,,,"",
"V-X222","X222",Boolean,1,R/W,10,,,,,,,,,,"",
"V-X223","X223",Boolean,1,R/W,10,,,,,,,,,,"",
"V-X224","X224",Boolean,1,R/W,10,,,,,,,,,,"",
"V-X225","X225",Boolean,1,R/W,10,,,,,,,,,,"",
"V-X226","X226",Boolean,1,R/W,10,,,,,,,,,,"",
"V-X227","X227",Boolean,1,R/W,10,,,,,,,,,,"",
"V-X23","X23",Boolean,1,R/W,10,,,,,,,,,,"",
"V-X230","X230",Boolean,1,R/W,10,,,,,,,,,,"",
"V-X231","X231",Boolean,1,R/W,10,,,,,,,,,,"",
"V-X232","X232",Boolean,1,R/W,10,,,,,,,,,,"",
"V-X233","X233",Boolean,1,R/W,10,,,,,,,,,,"",
"V-X234","X234",Boolean,1,R/W,10,,,,,,,,,,"",
"V-X235","X235",Boolean,1,R/W,10,,,,,,,,,,"",
"V-X236","X236",Boolean,1,R/W,10,,,,,,,,,,"",
"V-X237","X237",Boolean,1,R/W,10,,,,,,,,,,"",
"V-X24","X24",Boolean,1,R/W,10,,,,,,,,,,"",
"V-X240","X240",Boolean,1,R/W,10,,,,,,,,,,"",
"V-X241","X241",Boolean,1,R/W,10,,,,,,,,,,"",
"V-X242","X242",Boolean,1,R/W,10,,,,,,,,,,"",
"V-X243","X243",Boolean,1,R/W,10,,,,,,,,,,"",
"V-X244","X244",Boolean,1,R/W,10,,,,,,,,,,"",
"V-X245","X245",Boolean,1,R/W,10,,,,,,,,,,"",
"V-X246","X246",Boolean,1,R/W,10,,,,,,,,,,"",
"V-X247","X247",Boolean,1,R/W,10,,,,,,,,,,"",
"V-X25","X25",Boolean,1,R/W,10,,,,,,,,,,"",
"V-X250","X250",Boolean,1,R/W,10,,,,,,,,,,"",
"V-X251","X251",Boolean,1,R/W,10,,,,,,,,,,"",
"V-X252","X252",Boolean,1,R/W,10,,,,,,,,,,"",
"V-X253","X253",Boolean,1,R/W,10,,,,,,,,,,"",
"V-X254","X254",Boolean,1,R/W,10,,,,,,,,,,"",
"V-X255","X255",Boolean,1,R/W,10,,,,,,,,,,"",
"V-X256","X256",Boolean,1,R/W,10,,,,,,,,,,"",
"V-X257","X257",Boolean,1,R/W,10,,,,,,,,,,"",
"V-X26","X26",Boolean,1,R/W,10,,,,,,,,,,"",
"V-X260","X260",Boolean,1,R/W,10,,,,,,,,,,"",
"V-X261","X261",Boolean,1,R/W,10,,,,,,,,,,"",
"V-X262","X262",Boolean,1,R/W,10,,,,,,,,,,"",
"V-X263","X263",Boolean,1,R/W,10,,,,,,,,,,"",
"V-X264","X264",Boolean,1,R/W,10,,,,,,,,,,"",
"V-X265","X265",Boolean,1,R/W,10,,,,,,,,,,"",
"V-X266","X266",Boolean,1,R/W,10,,,,,,,,,,"",
"V-X267","X267",Boolean,1,R/W,10,,,,,,,,,,"",
"V-X27","X27",Boolean,1,R/W,10,,,,,,,,,,"",
"V-X270","X270",Boolean,1,R/W,10,,,,,,,,,,"",
"V-X271","X271",Boolean,1,R/W,10,,,,,,,,,,"",
"V-X272","X272",Boolean,1,R/W,10,,,,,,,,,,"",
"V-X273","X273",Boolean,1,R/W,10,,,,,,,,,,"",
"V-X274","X274",Boolean,1,R/W,10,,,,,,,,,,"",
"V-X275","X275",Boolean,1,R/W,10,,,,,,,,,,"",
"V-X276","X276",Boolean,1,R/W,10,,,,,,,,,,"",
"V-X277","X277",Boolean,1,R/W,10,,,,,,,,,,"",
"V-X3","X3",Boolean,1,R/W,10,,,,,,,,,,"",
"V-X30","X30",Boolean,1,R/W,10,,,,,,,,,,"",
"V-X300","X300",Boolean,1,R/W,10,,,,,,,,,,"",
"V-X301","X301",Boolean,1,R/W,10,,,,,,,,,,"",
"V-X302","X302",Boolean,1,R/W,10,,,,,,,,,,"",
"V-X303","X303",Boolean,1,R/W,10,,,,,,,,,,"",
"V-X304","X304",Boolean,1,R/W,10,,,,,,,,,,"",
"V-X305","X305",Boolean,1,R/W,10,,,,,,,,,,"",
"V-X306","X306",Boolean,1,R/W,10,,,,,,,,,,"",
"V-X307","X307",Boolean,1,R/W,10,,,,,,,,,,"",
"V-X31","X31",Boolean,1,R/W,10,,,,,,,,,,"",
"V-X310","X310",Boolean,1,R/W,10,,,,,,,,,,"",
"V-X311","X311",Boolean,1,R/W,10,,,,,,,,,,"",
"V-X312","X312",Boolean,1,R/W,10,,,,,,,,,,"",
"V-X313","X313",Boolean,1,R/W,10,,,,,,,,,,"",
"V-X314","X314",Boolean,1,R/W,10,,,,,,,,,,"",
"V-X315","X315",Boolean,1,R/W,10,,,,,,,,,,"",
"V-X316","X316",Boolean,1,R/W,10,,,,,,,,,,"",
"V-X317","X317",Boolean,1,R/W,10,,,,,,,,,,"",
"V-X32","X32",Boolean,1,R/W,10,,,,,,,,,,"",
"V-X320","X320",Boolean,1,R/W,10,,,,,,,,,,"",
"V-X321","X321",Boolean,1,R/W,10,,,,,,,,,,"",
"V-X322","X322",Boolean,1,R/W,10,,,,,,,,,,"",
"V-X323","X323",Boolean,1,R/W,10,,,,,,,,,,"",
"V-X324","X324",Boolean,1,R/W,10,,,,,,,,,,"",
"V-X325","X325",Boolean,1,R/W,10,,,,,,,,,,"",
"V-X326","X326",Boolean,1,R/W,10,,,,,,,,,,"",
"V-X327","X327",Boolean,1,R/W,10,,,,,,,,,,"",
"V-X33","X33",Boolean,1,R/W,10,,,,,,,,,,"",
"V-X330","X330",Boolean,1,R/W,10,,,,,,,,,,"",
"V-X331","X331",Boolean,1,R/W,10,,,,,,,,,,"",
"V-X332","X332",Boolean,1,R/W,10,,,,,,,,,,"",
"V-X333","X333",Boolean,1,R/W,10,,,,,,,,,,"",
"V-X334","X334",Boolean,1,R/W,10,,,,,,,,,,"",
"V-X335","X335",Boolean,1,R/W,10,,,,,,,,,,"",
"V-X336","X336",Boolean,1,R/W,10,,,,,,,,,,"",
"V-X337","X337",Boolean,1,R/W,10,,,,,,,,,,"",
"V-X34","X34",Boolean,1,R/W,10,,,,,,,,,,"",
"V-X340","X340",Boolean,1,R/W,10,,,,,,,,,,"",
"V-X341","X341",Boolean,1,R/W,10,,,,,,,,,,"",
"V-X342","X342",Boolean,1,R/W,10,,,,,,,,,,"",
"V-X343","X343",Boolean,1,R/W,10,,,,,,,,,,"",
"V-X344","X344",Boolean,1,R/W,10,,,,,,,,,,"",
"V-X345","X345",Boolean,1,R/W,10,,,,,,,,,,"",
"V-X346","X346",Boolean,1,R/W,10,,,,,,,,,,"",
"V-X347","X347",Boolean,1,R/W,10,,,,,,,,,,"",
"V-X35","X35",Boolean,1,R/W,10,,,,,,,,,,"",
"V-X350","X350",Boolean,1,R/W,10,,,,,,,,,,"",
"V-X351","X351",Boolean,1,R/W,10,,,,,,,,,,"",
"V-X352","X352",Boolean,1,R/W,10,,,,,,,,,,"",
"V-X353","X353",Boolean,1,R/W,10,,,,,,,,,,"",
"V-X354","X354",Boolean,1,R/W,10,,,,,,,,,,"",
"V-X355","X355",Boolean,1,R/W,10,,,,,,,,,,"",
"V-X356","X356",Boolean,1,R/W,10,,,,,,,,,,"",
"V-X357","X357",Boolean,1,R/W,10,,,,,,,,,,"",
"V-X36","X36",Boolean,1,R/W,10,,,,,,,,,,"",
"V-X360","X360",Boolean,1,R/W,10,,,,,,,,,,"",
"V-X361","X361",Boolean,1,R/W,10,,,,,,,,,,"",
"V-X362","X362",Boolean,1,R/W,10,,,,,,,,,,"",
"V-X363","X363",Boolean,1,R/W,10,,,,,,,,,,"",
"V-X364","X364",Boolean,1,R/W,10,,,,,,,,,,"",
"V-X365","X365",Boolean,1,R/W,10,,,,,,,,,,"",
"V-X366","X366",Boolean,1,R/W,10,,,,,,,,,,"",
"V-X367","X367",Boolean,1,R/W,10,,,,,,,,,,"",
"V-X37","X37",Boolean,1,R/W,10,,,,,,,,,,"",
"V-X370","X370",Boolean,1,R/W,10,,,,,,,,,,"",
"V-X371","X371",Boolean,1,R/W,10,,,,,,,,,,"",
"V-X372","X372",Boolean,1,R/W,10,,,,,,,,,,"",
"V-X373","X373",Boolean,1,R/W,10,,,,,,,,,,"",
"V-X374","X374",Boolean,1,R/W,10,,,,,,,,,,"",
"V-X375","X375",Boolean,1,R/W,10,,,,,,,,,,"",
"V-X376","X376",Boolean,1,R/W,10,,,,,,,,,,"",
"V-X377","X377",Boolean,1,R/W,10,,,,,,,,,,"",
"V-X4","X4",Boolean,1,R/W,10,,,,,,,,,,"",
"V-X40","X40",Boolean,1,R/W,10,,,,,,,,,,"",
"V-X41","X41",Boolean,1,R/W,10,,,,,,,,,,"",
"V-X42","X42",Boolean,1,R/W,10,,,,,,,,,,"",
"V-X43","X43",Boolean,1,R/W,10,,,,,,,,,,"",
"V-X44","X44",Boolean,1,R/W,10,,,,,,,,,,"",
"V-X45","X45",Boolean,1,R/W,10,,,,,,,,,,"",
"V-X46","X46",Boolean,1,R/W,10,,,,,,,,,,"",
"V-X47","X47",Boolean,1,R/W,10,,,,,,,,,,"",
"V-X5","X5",Boolean,1,R/W,10,,,,,,,,,,"",
"V-X50","X50",Boolean,1,R/W,10,,,,,,,,,,"",
"V-X51","X51",Boolean,1,R/W,10,,,,,,,,,,"",
"V-X52","X52",Boolean,1,R/W,10,,,,,,,,,,"",
"V-X53","X53",Boolean,1,R/W,10,,,,,,,,,,"",
"V-X54","X54",Boolean,1,R/W,10,,,,,,,,,,"",
"V-X55","X55",Boolean,1,R/W,10,,,,,,,,,,"",
"V-X56","X56",Boolean,1,R/W,10,,,,,,,,,,"",
"V-X57","X57",Boolean,1,R/W,10,,,,,,,,,,"",
"V-X6","X6",Boolean,1,R/W,10,,,,,,,,,,"",
"V-X60","X60",Boolean,1,R/W,10,,,,,,,,,,"",
"V-X61","X61",Boolean,1,R/W,10,,,,,,,,,,"",
"V-X62","X62",Boolean,1,R/W,10,,,,,,,,,,"",
"V-X63","X63",Boolean,1,R/W,10,,,,,,,,,,"",
"V-X64","X64",Boolean,1,R/W,10,,,,,,,,,,"",
"V-X65","X65",Boolean,1,R/W,10,,,,,,,,,,"",
"V-X66","X66",Boolean,1,R/W,10,,,,,,,,,,"",
"V-X67","X67",Boolean,1,R/W,10,,,,,,,,,,"",
"V-X7","X7",Boolean,1,R/W,10,,,,,,,,,,"",
"V-X70","X70",Boolean,1,R/W,10,,,,,,,,,,"",
"V-X71","X71",Boolean,1,R/W,10,,,,,,,,,,"",
"V-X72","X72",Boolean,1,R/W,10,,,,,,,,,,"",
"V-X73","X73",Boolean,1,R/W,10,,,,,,,,,,"",
"V-X74","X74",Boolean,1,R/W,10,,,,,,,,,,"",
"V-X75","X75",Boolean,1,R/W,10,,,,,,,,,,"",
"V-X76","X76",Boolean,1,R/W,10,,,,,,,,,,"",
"V-X77","X77",Boolean,1,R/W,10,,,,,,,,,,"",
"V-Y0","Y0",Boolean,1,R/W,10,,,,,,,,,,"",
"V-Y1","Y1",Boolean,1,R/W,10,,,,,,,,,,"",
"V-Y10","Y10",Boolean,1,R/W,10,,,,,,,,,,"",
"V-Y100","Y100",Boolean,1,R/W,10,,,,,,,,,,"",
"V-Y101","Y101",Boolean,1,R/W,10,,,,,,,,,,"",
"V-Y102","Y102",Boolean,1,R/W,10,,,,,,,,,,"",
"V-Y103","Y103",Boolean,1,R/W,10,,,,,,,,,,"",
"V-Y104","Y104",Boolean,1,R/W,10,,,,,,,,,,"",
"V-Y105","Y105",Boolean,1,R/W,10,,,,,,,,,,"",
"V-Y106","Y106",Boolean,1,R/W,10,,,,,,,,,,"",
"V-Y107","Y107",Boolean,1,R/W,10,,,,,,,,,,"",
"V-Y11","Y11",Boolean,1,R/W,10,,,,,,,,,,"",
"V-Y110","Y110",Boolean,1,R/W,10,,,,,,,,,,"",
"V-Y111","Y111",Boolean,1,R/W,10,,,,,,,,,,"",
"V-Y112","Y112",Boolean,1,R/W,10,,,,,,,,,,"",
"V-Y113","Y113",Boolean,1,R/W,10,,,,,,,,,,"",
"V-Y114","Y114",Boolean,1,R/W,10,,,,,,,,,,"",
"V-Y115","Y115",Boolean,1,R/W,10,,,,,,,,,,"",
"V-Y116","Y116",Boolean,1,R/W,10,,,,,,,,,,"",
"V-Y117","Y117",Boolean,1,R/W,10,,,,,,,,,,"",
"V-Y12","Y12",Boolean,1,R/W,10,,,,,,,,,,"",
"V-Y120","Y120",Boolean,1,R/W,10,,,,,,,,,,"",
"V-Y121","Y121",Boolean,1,R/W,10,,,,,,,,,,"",
"V-Y122","Y122",Boolean,1,R/W,10,,,,,,,,,,"",
"V-Y123","Y123",Boolean,1,R/W,10,,,,,,,,,,"",
"V-Y124","Y124",Boolean,1,R/W,10,,,,,,,,,,"",
"V-Y125","Y125",Boolean,1,R/W,10,,,,,,,,,,"",
"V-Y126","Y126",Boolean,1,R/W,10,,,,,,,,,,"",
"V-Y127","Y127",Boolean,1,R/W,10,,,,,,,,,,"",
"V-Y13","Y13",Boolean,1,R/W,10,,,,,,,,,,"",
"V-Y130","Y130",Boolean,1,R/W,10,,,,,,,,,,"",
"V-Y131","Y131",Boolean,1,R/W,10,,,,,,,,,,"",
"V-Y132","Y132",Boolean,1,R/W,10,,,,,,,,,,"",
"V-Y133","Y133",Boolean,1,R/W,10,,,,,,,,,,"",
"V-Y134","Y134",Boolean,1,R/W,10,,,,,,,,,,"",
"V-Y135","Y135",Boolean,1,R/W,10,,,,,,,,,,"",
"V-Y136","Y136",Boolean,1,R/W,10,,,,,,,,,,"",
"V-Y137","Y137",Boolean,1,R/W,10,,,,,,,,,,"",
"V-Y14","Y14",Boolean,1,R/W,10,,,,,,,,,,"",
"V-Y140","Y140",Boolean,1,R/W,10,,,,,,,,,,"",
"V-Y141","Y141",Boolean,1,R/W,10,,,,,,,,,,"",
"V-Y142","Y142",Boolean,1,R/W,10,,,,,,,,,,"",
"V-Y143","Y143",Boolean,1,R/W,10,,,,,,,,,,"",
"V-Y144","Y144",Boolean,1,R/W,10,,,,,,,,,,"",
"V-Y145","Y145",Boolean,1,R/W,10,,,,,,,,,,"",
"V-Y146","Y146",Boolean,1,R/W,10,,,,,,,,,,"",
"V-Y147","Y147",Boolean,1,R/W,10,,,,,,,,,,"",
"V-Y15","Y15",Boolean,1,R/W,10,,,,,,,,,,"",
"V-Y150","Y150",Boolean,1,R/W,10,,,,,,,,,,"",
"V-Y151","Y151",Boolean,1,R/W,10,,,,,,,,,,"",
"V-Y152","Y152",Boolean,1,R/W,10,,,,,,,,,,"",
"V-Y153","Y153",Boolean,1,R/W,10,,,,,,,,,,"",
"V-Y154","Y154",Boolean,1,R/W,10,,,,,,,,,,"",
"V-Y155","Y155",Boolean,1,R/W,10,,,,,,,,,,"",
"V-Y156","Y156",Boolean,1,R/W,10,,,,,,,,,,"",
"V-Y157","Y157",Boolean,1,R/W,10,,,,,,,,,,"",
"V-Y16","Y16",Boolean,1,R/W,10,,,,,,,,,,"",
"V-Y160","Y160",Boolean,1,R/W,10,,,,,,,,,,"",
"V-Y161","Y161",Boolean,1,R/W,10,,,,,,,,,,"",
"V-Y162","Y162",Boolean,1,R/W,10,,,,,,,,,,"",
"V-Y163","Y163",Boolean,1,R/W,10,,,,,,,,,,"",
"V-Y164","Y164",Boolean,1,R/W,10,,,,,,,,,,"",
"V-Y165","Y165",Boolean,1,R/W,10,,,,,,,,,,"",
"V-Y166","Y166",Boolean,1,R/W,10,,,,,,,,,,"",
"V-Y167","Y167",Boolean,1,R/W,10,,,,,,,,,,"",
"V-Y17","Y17",Boolean,1,R/W,10,,,,,,,,,,"",
"V-Y170","Y170",Boolean,1,R/W,10,,,,,,,,,,"",
"V-Y171","Y171",Boolean,1,R/W,10,,,,,,,,,,"",
"V-Y172","Y172",Boolean,1,R/W,10,,,,,,,,,,"",
"V-Y173","Y173",Boolean,1,R/W,10,,,,,,,,,,"",
"V-Y174","Y174",Boolean,1,R/W,10,,,,,,,,,,"",
"V-Y175","Y175",Boolean,1,R/W,10,,,,,,,,,,"",
"V-Y176","Y176",Boolean,1,R/W,10,,,,,,,,,,"",
"V-Y177","Y177",Boolean,1,R/W,10,,,,,,,,,,"",
"V-Y2","Y2",Boolean,1,R/W,10,,,,,,,,,,"",
"V-Y20","Y20",Boolean,1,R/W,10,,,,,,,,,,"",
"V-Y200","Y200",Boolean,1,R/W,10,,,,,,,,,,"",
"V-Y201","Y201",Boolean,1,R/W,10,,,,,,,,,,"",
"V-Y202","Y202",Boolean,1,R/W,10,,,,,,,,,,"",
"V-Y203","Y203",Boolean,1,R/W,10,,,,,,,,,,"",
"V-Y204","Y204",Boolean,1,R/W,10,,,,,,,,,,"",
"V-Y205","Y205",Boolean,1,R/W,10,,,,,,,,,,"",
"V-Y206","Y206",Boolean,1,R/W,10,,,,,,,,,,"",
"V-Y207","Y207",Boolean,1,R/W,10,,,,,,,,,,"",
"V-Y21","Y21",Boolean,1,R/W,10,,,,,,,,,,"",
"V-Y210","Y210",Boolean,1,R/W,10,,,,,,,,,,"",
"V-Y211","Y211",Boolean,1,R/W,10,,,,,,,,,,"",
"V-Y212","Y212",Boolean,1,R/W,10,,,,,,,,,,"",
"V-Y213","Y213",Boolean,1,R/W,10,,,,,,,,,,"",
"V-Y214","Y214",Boolean,1,R/W,10,,,,,,,,,,"",
"V-Y215","Y215",Boolean,1,R/W,10,,,,,,,,,,"",
"V-Y216","Y216",Boolean,1,R/W,10,,,,,,,,,,"",
"V-Y217","Y217",Boolean,1,R/W,10,,,,,,,,,,"",
"V-Y22","Y22",Boolean,1,R/W,10,,,,,,,,,,"",
"V-Y220","Y220",Boolean,1,R/W,10,,,,,,,,,,"",
"V-Y221","Y221",Boolean,1,R/W,10,,,,,,,,,,"",
"V-Y222","Y222",Boolean,1,R/W,10,,,,,,,,,,"",
"V-Y223","Y223",Boolean,1,R/W,10,,,,,,,,,,"",
"V-Y224","Y224",Boolean,1,R/W,10,,,,,,,,,,"",
"V-Y225","Y225",Boolean,1,R/W,10,,,,,,,,,,"",
"V-Y226","Y226",Boolean,1,R/W,10,,,,,,,,,,"",
"V-Y227","Y227",Boolean,1,R/W,10,,,,,,,,,,"",
"V-Y23","Y23",Boolean,1,R/W,10,,,,,,,,,,"",
"V-Y230","Y230",Boolean,1,R/W,10,,,,,,,,,,"",
"V-Y231","Y231",Boolean,1,R/W,10,,,,,,,,,,"",
"V-Y232","Y232",Boolean,1,R/W,10,,,,,,,,,,"",
"V-Y233","Y233",Boolean,1,R/W,10,,,,,,,,,,"",
"V-Y234","Y234",Boolean,1,R/W,10,,,,,,,,,,"",
"V-Y235","Y235",Boolean,1,R/W,10,,,,,,,,,,"",
"V-Y236","Y236",Boolean,1,R/W,10,,,,,,,,,,"",
"V-Y237","Y237",Boolean,1,R/W,10,,,,,,,,,,"",
"V-Y24","Y24",Boolean,1,R/W,10,,,,,,,,,,"",
"V-Y25","Y25",Boolean,1,R/W,10,,,,,,,,,,"",
"V-Y26","Y26",Boolean,1,R/W,10,,,,,,,,,,"",
"V-Y27","Y27",Boolean,1,R/W,10,,,,,,,,,,"",
"V-Y3","Y3",Boolean,1,R/W,10,,,,,,,,,,"",
"V-Y30","Y30",Boolean,1,R/W,10,,,,,,,,,,"",
"V-Y31","Y31",Boolean,1,R/W,10,,,,,,,,,,"",
"V-Y32","Y32",Boolean,1,R/W,10,,,,,,,,,,"",
"V-Y33","Y33",Boolean,1,R/W,10,,,,,,,,,,"",
"V-Y34","Y34",Boolean,1,R/W,10,,,,,,,,,,"",
"V-Y35","Y35",Boolean,1,R/W,10,,,,,,,,,,"",
"V-Y36","Y36",Boolean,1,R/W,10,,,,,,,,,,"",
"V-Y37","Y37",Boolean,1,R/W,10,,,,,,,,,,"",
"V-Y4","Y4",Boolean,1,R/W,10,,,,,,,,,,"",
"V-Y40","Y40",Boolean,1,R/W,10,,,,,,,,,,"",
"V-Y41","Y41",Boolean,1,R/W,10,,,,,,,,,,"",
"V-Y42","Y42",Boolean,1,R/W,10,,,,,,,,,,"",
"V-Y43","Y43",Boolean,1,R/W,10,,,,,,,,,,"",
"V-Y44","Y44",Boolean,1,R/W,10,,,,,,,,,,"",
"V-Y45","Y45",Boolean,1,R/W,10,,,,,,,,,,"",
"V-Y46","Y46",Boolean,1,R/W,10,,,,,,,,,,"",
"V-Y47","Y47",Boolean,1,R/W,10,,,,,,,,,,"",
"V-Y5","Y5",Boolean,1,R/W,10,,,,,,,,,,"",
"V-Y50","Y50",Boolean,1,R/W,10,,,,,,,,,,"",
"V-Y51","Y51",Boolean,1,R/W,10,,,,,,,,,,"",
"V-Y52","Y52",Boolean,1,R/W,10,,,,,,,,,,"",
"V-Y53","Y53",Boolean,1,R/W,10,,,,,,,,,,"",
"V-Y54","Y54",Boolean,1,R/W,10,,,,,,,,,,"",
"V-Y55","Y55",Boolean,1,R/W,10,,,,,,,,,,"",
"V-Y56","Y56",Boolean,1,R/W,10,,,,,,,,,,"",
"V-Y57","Y57",Boolean,1,R/W,10,,,,,,,,,,"",
"V-Y6","Y6",Boolean,1,R/W,10,,,,,,,,,,"",
"V-Y60","Y60",Boolean,1,R/W,10,,,,,,,,,,"",
"V-Y61","Y61",Boolean,1,R/W,10,,,,,,,,,,"",
"V-Y62","Y62",Boolean,1,R/W,10,,,,,,,,,,"",
"V-Y63","Y63",Boolean,1,R/W,10,,,,,,,,,,"",
"V-Y64","Y64",Boolean,1,R/W,10,,,,,,,,,,"",
"V-Y65","Y65",Boolean,1,R/W,10,,,,,,,,,,"",
"V-Y66","Y66",Boolean,1,R/W,10,,,,,,,,,,"",
"V-Y67","Y67",Boolean,1,R/W,10,,,,,,,,,,"",
"V-Y7","Y7",Boolean,1,R/W,10,,,,,,,,,,"",
"V-Y70","Y70",Boolean,1,R/W,10,,,,,,,,,,"",
"V-Y71","Y71",Boolean,1,R/W,10,,,,,,,,,,"",
"V-Y72","Y72",Boolean,1,R/W,10,,,,,,,,,,"",
"V-Y73","Y73",Boolean,1,R/W,10,,,,,,,,,,"",
"V-Y74","Y74",Boolean,1,R/W,10,,,,,,,,,,"",
"V-Y75","Y75",Boolean,1,R/W,10,,,,,,,,,,"",
"V-Y76","Y76",Boolean,1,R/W,10,,,,,,,,,,"",
"V-Y77","Y77",Boolean,1,R/W,10,,,,,,,,,,"",
